DAY,DATE,AWAY,HOME,
Tue,2023-10-10,NSH,TBL,
Tue,2023-10-10,CHI,PIT,
Tue,2023-10-10,SEA,VGK,
Wed,2023-10-11,OTT,CAR,
Wed,2023-10-11,MTL,TOR,
Wed,2023-10-11,CHI,BOS,
Wed,2023-10-11,WPG,CGY,
Wed,2023-10-11,COL,LAK,
Wed,2023-10-11,EDM,VAN,
Thu,2023-10-12,NYR,BUF,
Thu,2023-10-12,PHI,CBJ,
Thu,2023-10-12,DET,NJD,
Thu,2023-10-12,STL,DAL,
Thu,2023-10-12,FLA,MIN,
Thu,2023-10-12,SEA,NSH,
Thu,2023-10-12,VGK,SJS,
Fri,2023-10-13,ARI,NJD,
Fri,2023-10-13,PIT,WSH,
Sat,2023-10-14,PHI,OTT,
Sat,2023-10-14,FLA,WPG,
Sat,2023-10-14,NSH,BOS,
Sat,2023-10-14,NYR,CBJ,
Sat,2023-10-14,TBL,DET,
Sat,2023-10-14,CHI,MTL,
Sat,2023-10-14,CGY,PIT,
Sat,2023-10-14,MIN,TOR,
Sat,2023-10-14,BUF,NYI,
Sat,2023-10-14,SEA,STL,
Sat,2023-10-14,VAN,EDM,
Sat,2023-10-14,COL,SJS,
Sat,2023-10-14,ANA,VGK,
Sat,2023-10-14,CAR,LAK,
Sun,2023-10-15,TBL,OTT,
Sun,2023-10-15,CAR,ANA,
Mon,2023-10-16,DET,CBJ,
Mon,2023-10-16,FLA,NJD,
Mon,2023-10-16,ARI,NYR,
Mon,2023-10-16,CHI,TOR,
Mon,2023-10-16,CGY,WSH,
Tue,2023-10-17,TBL,BUF,
Tue,2023-10-17,MIN,MTL,
Tue,2023-10-17,VAN,PHI,
Tue,2023-10-17,ARI,NYI,
Tue,2023-10-17,EDM,NSH,
Tue,2023-10-17,LAK,WPG,
Tue,2023-10-17,COL,SEA,
Tue,2023-10-17,CAR,SJS,
Tue,2023-10-17,DAL,VGK,
Wed,2023-10-18,WSH,OTT,
Wed,2023-10-18,PIT,DET,
Thu,2023-10-19,CGY,BUF,
Thu,2023-10-19,TOR,FLA,
Thu,2023-10-19,NSH,NYR,
Thu,2023-10-19,EDM,PHI,
Thu,2023-10-19,VAN,TBL,
Thu,2023-10-19,LAK,MIN,
Thu,2023-10-19,ARI,STL,
Thu,2023-10-19,VGK,WPG,
Thu,2023-10-19,DAL,ANA,
Thu,2023-10-19,CAR,SEA,
Thu,2023-10-19,CHI,COL,
Thu,2023-10-19,BOS,SJS,
Fri,2023-10-20,CGY,CBJ,
Fri,2023-10-20,NJD,NYI,
Sat,2023-10-21,DET,OTT,
Sat,2023-10-21,ANA,ARI,
Sat,2023-10-21,NYI,BUF,
Sat,2023-10-21,VAN,FLA,
Sat,2023-10-21,WSH,MTL,
Sat,2023-10-21,TOR,TBL,
Sat,2023-10-21,VGK,CHI,
Sat,2023-10-21,PHI,DAL,
Sat,2023-10-21,CBJ,MIN,
Sat,2023-10-21,SJS,NSH,
Sat,2023-10-21,PIT,STL,
Sat,2023-10-21,CAR,COL,
Sat,2023-10-21,WPG,EDM,
Sat,2023-10-21,NYR,SEA,
Sat,2023-10-21,BOS,LAK,
Sun,2023-10-22,CGY,DET,
Sun,2023-10-22,BOS,ANA,
Mon,2023-10-23,MTL,BUF,
Tue,2023-10-24,TOR,WSH,
Tue,2023-10-24,ANA,CBJ,
Tue,2023-10-24,BUF,OTT,
Tue,2023-10-24,CAR,TBL,
Tue,2023-10-24,NJD,MTL,
Tue,2023-10-24,DAL,PIT,
Tue,2023-10-24,SJS,FLA,
Tue,2023-10-24,COL,NYI,
Tue,2023-10-24,SEA,DET,
Tue,2023-10-24,BOS,CHI,
Tue,2023-10-24,STL,WPG,
Tue,2023-10-24,EDM,MIN,
Tue,2023-10-24,VAN,NSH,
Tue,2023-10-24,NYR,CGY,
Tue,2023-10-24,ARI,LAK,
Tue,2023-10-24,PHI,VGK,
Wed,2023-10-25,WSH,NJD,
Thu,2023-10-26,ANA,BOS,
Thu,2023-10-26,SEA,CAR,
Thu,2023-10-26,WPG,DET,
Thu,2023-10-26,CBJ,MTL,
Thu,2023-10-26,MIN,PHI,
Thu,2023-10-26,COL,PIT,
Thu,2023-10-26,SJS,TBL,
Thu,2023-10-26,OTT,NYI,
Thu,2023-10-26,TOR,DAL,
Thu,2023-10-26,STL,CGY,
Thu,2023-10-26,NYR,EDM,
Fri,2023-10-27,CHI,VGK,
Fri,2023-10-27,SJS,CAR,
Fri,2023-10-27,BUF,NJD,
Fri,2023-10-27,MIN,WSH,
Fri,2023-10-27,LAK,ARI,
Fri,2023-10-27,STL,VAN,
Sat,2023-10-28,ANA,PHI,
Sat,2023-10-28,SEA,FLA,
Sat,2023-10-28,DET,BOS,
Sat,2023-10-28,NYI,CBJ,
Sat,2023-10-28,WPG,MTL,
Sat,2023-10-28,TOR,NSH,
Sat,2023-10-28,OTT,PIT,
Sat,2023-10-28,NYR,VAN,
Sat,2023-10-28,VGK,LAK,
Sun,2023-10-29,COL,BUF,
Sun,2023-10-29,MIN,NJD,
Sun,2023-10-29,SJS,WSH,
Sun,2023-10-29,CGY,EDM,
Mon,2023-10-30,FLA,BOS,
Mon,2023-10-30,CAR,PHI,
Mon,2023-10-30,ANA,PIT,
Mon,2023-10-30,SEA,TBL,
Mon,2023-10-30,DET,NYI,
Mon,2023-10-30,NYR,WPG,
Mon,2023-10-30,CBJ,DAL,
Mon,2023-10-30,CHI,ARI,
Mon,2023-10-30,MTL,VGK,
Tue,2023-10-31,LAK,TOR,
Tue,2023-10-31,NSH,VAN,
Wed,2023-11-01,BUF,PHI,
Wed,2023-11-01,DAL,CGY,
Wed,2023-11-01,STL,COL,
Wed,2023-11-01,ARI,ANA,
Thu,2023-11-02,TOR,BOS,
Thu,2023-11-02,TBL,CBJ,
Thu,2023-11-02,FLA,DET,
Thu,2023-11-02,CAR,NYR,
Thu,2023-11-02,LAK,OTT,
Thu,2023-11-02,NYI,WSH,
Thu,2023-11-02,NJD,MIN,
Thu,2023-11-02,DAL,EDM,
Thu,2023-11-02,MTL,ARI,
Thu,2023-11-02,NSH,SEA,
Thu,2023-11-02,WPG,VGK,
Thu,2023-11-02,VAN,SJS,
Fri,2023-11-03,PHI,BUF,
Fri,2023-11-03,NJD,STL,
Sat,2023-11-04,NSH,EDM,
Sat,2023-11-04,WPG,ARI,
Sat,2023-11-04,BOS,DET,
Sat,2023-11-04,TBL,OTT,
Sat,2023-11-04,LAK,PHI,
Sat,2023-11-04,MTL,STL,
Sat,2023-11-04,BUF,TOR,
Sat,2023-11-04,CBJ,WSH,
Sat,2023-11-04,CAR,NYI,
Sat,2023-11-04,FLA,CHI,
Sat,2023-11-04,NYR,MIN,
Sat,2023-11-04,CGY,SEA,
Sat,2023-11-04,PIT,SJS,
Sat,2023-11-04,DAL,VAN,
Sat,2023-11-04,COL,VGK,
Sun,2023-11-05,NJD,CHI,
Sun,2023-11-05,VGK,ANA,
Mon,2023-11-06,CBJ,FLA,
Mon,2023-11-06,TBL,TOR,
Mon,2023-11-06,BOS,DAL,
Mon,2023-11-06,EDM,VAN,
Tue,2023-11-07,BUF,CAR,
Tue,2023-11-07,TBL,MTL,
Tue,2023-11-07,MIN,NYI,
Tue,2023-11-07,DET,NYR,
Tue,2023-11-07,WPG,STL,
Tue,2023-11-07,SEA,ARI,
Tue,2023-11-07,NSH,CGY,
Tue,2023-11-07,PIT,ANA,
Tue,2023-11-07,NJD,COL,
Tue,2023-11-07,PHI,SJS,
Wed,2023-11-08,OTT,TOR,
Wed,2023-11-08,FLA,WSH,
Wed,2023-11-08,LAK,VGK,
Thu,2023-11-09,NYI,BOS,
Thu,2023-11-09,DAL,CBJ,
Thu,2023-11-09,MTL,DET,
Thu,2023-11-09,MIN,NYR,
Thu,2023-11-09,VAN,OTT,
Thu,2023-11-09,CHI,TBL,
Thu,2023-11-09,ARI,STL,
Thu,2023-11-09,NSH,WPG,
Thu,2023-11-09,SEA,COL,
Thu,2023-11-09,PIT,LAK,
Thu,2023-11-09,EDM,SJS,
Fri,2023-11-10,MIN,BUF,
Fri,2023-11-10,CAR,FLA,
Fri,2023-11-10,WSH,NJD,
Fri,2023-11-10,CGY,TOR,
Fri,2023-11-10,PHI,ANA,
Fri,2023-11-10,SJS,VGK,
Sat,2023-11-11,CBJ,DET,
Sat,2023-11-11,DAL,WPG,
Sat,2023-11-11,BOS,MTL,
Sat,2023-11-11,CGY,OTT,
Sat,2023-11-11,CAR,TBL,
Sat,2023-11-11,VAN,TOR,
Sat,2023-11-11,WSH,NYI,
Sat,2023-11-11,BUF,PIT,
Sat,2023-11-11,ARI,NSH,
Sat,2023-11-11,STL,COL,
Sat,2023-11-11,EDM,SEA,
Sat,2023-11-11,PHI,LAK,
Sun,2023-11-12,CHI,FLA,
Sun,2023-11-12,DAL,MIN,
Sun,2023-11-12,VAN,MTL,
Sun,2023-11-12,CBJ,NYR,
Sun,2023-11-12,SJS,ANA,
Mon,2023-11-13,NYI,EDM,
Mon,2023-11-13,COL,SEA,
Tue,2023-11-14,BOS,BUF,
Tue,2023-11-14,PIT,CBJ,
Tue,2023-11-14,CGY,MTL,
Tue,2023-11-14,VGK,WSH,
Tue,2023-11-14,ARI,DAL,
Tue,2023-11-14,ANA,NSH,
Tue,2023-11-14,TBL,STL,
Tue,2023-11-14,NJD,WPG,
Tue,2023-11-14,FLA,SJS,
Wed,2023-11-15,PHI,CAR,
Wed,2023-11-15,SEA,EDM,
Wed,2023-11-15,ANA,COL,
Wed,2023-11-15,NYI,VAN,
Thu,2023-11-16,DET,OTT,
Thu,2023-11-16,ARI,CBJ,
Thu,2023-11-16,VGK,MTL,
Thu,2023-11-16,NJD,PIT,
Thu,2023-11-16,TBL,CHI,
Thu,2023-11-16,VAN,CGY,
Thu,2023-11-16,NYI,SEA,
Thu,2023-11-16,FLA,LAK,
Thu,2023-11-16,STL,SJS,
Fri,2023-11-17,TOR,DET,
Fri,2023-11-17,BUF,WPG,
Fri,2023-11-17,FLA,ANA,
Sat,2023-11-18,MIN,OTT,
Sat,2023-11-18,VGK,PHI,
Sat,2023-11-18,CHI,NSH,
Sat,2023-11-18,EDM,TBL,
Sat,2023-11-18,MTL,BOS,
Sat,2023-11-18,PIT,CAR,
Sat,2023-11-18,NYI,CGY,
Sat,2023-11-18,NYR,NJD,
Sat,2023-11-18,ARI,WPG,
Sat,2023-11-18,CBJ,WSH,
Sat,2023-11-18,COL,DAL,
Sat,2023-11-18,SEA,VAN,
Sat,2023-11-18,STL,LAK,
Sun,2023-11-19,TOR,MIN,
Sun,2023-11-19,CBJ,PHI,
Sun,2023-11-19,VGK,PIT,
Sun,2023-11-19,BUF,CHI,
Sun,2023-11-19,STL,ANA,
Mon,2023-11-20,EDM,FLA,
Mon,2023-11-20,BOS,TBL,
Mon,2023-11-20,NYR,DAL,
Mon,2023-11-20,COL,NSH,
Mon,2023-11-20,LAK,ARI,
Mon,2023-11-20,CGY,SEA,
Mon,2023-11-20,SJS,VAN,
Wed,2023-11-22,EDM,CAR,
Wed,2023-11-22,CHI,CBJ,
Wed,2023-11-22,NJD,DET,
Wed,2023-11-22,BOS,FLA,
Wed,2023-11-22,NYR,PIT,
Wed,2023-11-22,WPG,TBL,
Wed,2023-11-22,BUF,WSH,
Wed,2023-11-22,PHI,NYI,
Wed,2023-11-22,STL,ARI,
Wed,2023-11-22,CGY,NSH,
Wed,2023-11-22,VGK,DAL,
Wed,2023-11-22,MTL,ANA,
Wed,2023-11-22,VAN,COL,
Wed,2023-11-22,SJS,SEA,
Fri,2023-11-24,DET,BOS,
Fri,2023-11-24,NYR,PHI,
Fri,2023-11-24,TOR,CHI,
Fri,2023-11-24,CBJ,NJD,
Fri,2023-11-24,NSH,STL,
Fri,2023-11-24,EDM,WSH,
Fri,2023-11-24,LAK,ANA,
Fri,2023-11-24,MTL,SJS,
Fri,2023-11-24,PIT,BUF,
Fri,2023-11-24,NYI,OTT,
Fri,2023-11-24,TBL,CAR,
Fri,2023-11-24,WPG,FLA,
Fri,2023-11-24,CGY,DAL,
Fri,2023-11-24,COL,MIN,
Fri,2023-11-24,VAN,SEA,
Sat,2023-11-25,BOS,NYR,
Sat,2023-11-25,MTL,LAK,
Sat,2023-11-25,BUF,NJD,
Sat,2023-11-25,TOR,PIT,
Sat,2023-11-25,PHI,NYI,
Sat,2023-11-25,CGY,COL,
Sat,2023-11-25,VAN,SJS,
Sat,2023-11-25,ARI,VGK,
Sun,2023-11-26,MIN,DET,
Sun,2023-11-26,STL,CHI,
Sun,2023-11-26,CBJ,CAR,
Sun,2023-11-26,WPG,NSH,
Sun,2023-11-26,ANA,EDM,
Mon,2023-11-27,BOS,CBJ,
Mon,2023-11-27,BUF,NYR,
Mon,2023-11-27,FLA,OTT,
Mon,2023-11-27,TBL,COL,
Mon,2023-11-27,VGK,CGY,
Mon,2023-11-27,WSH,SJS,
Tue,2023-11-28,NYI,NJD,
Tue,2023-11-28,CAR,PHI,
Tue,2023-11-28,FLA,TOR,
Tue,2023-11-28,STL,MIN,
Tue,2023-11-28,PIT,NSH,
Tue,2023-11-28,DAL,WPG,
Tue,2023-11-28,SEA,CHI,
Tue,2023-11-28,TBL,ARI,
Tue,2023-11-28,VGK,EDM,
Tue,2023-11-28,ANA,VAN,
Wed,2023-11-29,MTL,CBJ,
Wed,2023-11-29,DET,NYR,
Wed,2023-11-29,WSH,LAK,
Thu,2023-11-30,SJS,BOS,
Thu,2023-11-30,NYI,CAR,
Thu,2023-11-30,CHI,DET,
Thu,2023-11-30,FLA,MTL,
Thu,2023-11-30,NJD,PHI,
Thu,2023-11-30,PIT,TBL,
Thu,2023-11-30,SEA,TOR,
Thu,2023-11-30,MIN,NSH,
Thu,2023-11-30,BUF,STL,
Thu,2023-11-30,EDM,WPG,
Thu,2023-11-30,COL,ARI,
Thu,2023-11-30,DAL,CGY,
Thu,2023-11-30,WSH,ANA,
Thu,2023-11-30,VGK,VAN,
Fri,2023-12-01,OTT,CBJ,
Fri,2023-12-01,SJS,NJD,
Sat,2023-12-02,TBL,DAL,
Sat,2023-12-02,CHI,WPG,
Sat,2023-12-02,NYR,NSH,
Sat,2023-12-02,NYI,FLA,
Sat,2023-12-02,BUF,CAR,
Sat,2023-12-02,DET,MTL,
Sat,2023-12-02,SEA,OTT,
Sat,2023-12-02,PHI,PIT,
Sat,2023-12-02,BOS,TOR,
Sat,2023-12-02,STL,ARI,
Sat,2023-12-02,COL,ANA,
Sat,2023-12-02,VAN,CGY,
Sat,2023-12-02,WSH,VGK,
Sun,2023-12-03,CHI,MIN,
Sun,2023-12-03,SJS,NYR,
Sun,2023-12-03,CBJ,BOS,
Sun,2023-12-03,NSH,BUF,
Sun,2023-12-03,COL,LAK,
Mon,2023-12-04,PIT,PHI,
Mon,2023-12-04,DAL,TBL,
Mon,2023-12-04,SEA,MTL,
Mon,2023-12-04,CAR,WPG,
Mon,2023-12-04,WSH,ARI,
Mon,2023-12-04,STL,VGK,
Tue,2023-12-05,DET,BUF,
Tue,2023-12-05,LAK,CBJ,
Tue,2023-12-05,NYR,OTT,
Tue,2023-12-05,SJS,NYI,
Tue,2023-12-05,NSH,CHI,
Tue,2023-12-05,MIN,CGY,
Tue,2023-12-05,ANA,COL,
Tue,2023-12-05,NJD,VAN,
Wed,2023-12-06,DAL,FLA,
Wed,2023-12-06,PIT,TBL,
Wed,2023-12-06,VGK,STL,
Wed,2023-12-06,CAR,EDM,
Thu,2023-12-07,BUF,BOS,
Thu,2023-12-07,SJS,DET,
Thu,2023-12-07,LAK,MTL,
Thu,2023-12-07,TOR,OTT,
Thu,2023-12-07,DAL,WSH,
Thu,2023-12-07,CBJ,NYI,
Thu,2023-12-07,TBL,NSH,
Thu,2023-12-07,ANA,CHI,
Thu,2023-12-07,PHI,ARI,
Thu,2023-12-07,CAR,CGY,
Thu,2023-12-07,WPG,COL,
Thu,2023-12-07,NJD,SEA,
Thu,2023-12-07,MIN,VAN,
Fri,2023-12-08,STL,CBJ,
Fri,2023-12-08,PIT,FLA,
Fri,2023-12-08,MIN,EDM,
Sat,2023-12-09,ARI,BOS,
Sat,2023-12-09,NJD,CGY,
Sat,2023-12-09,VGK,DAL,
Sat,2023-12-09,MTL,BUF,
Sat,2023-12-09,OTT,DET,
Sat,2023-12-09,NSH,TOR,
Sat,2023-12-09,NYR,WSH,
Sat,2023-12-09,LAK,NYI,
Sat,2023-12-09,STL,CHI,
Sat,2023-12-09,PHI,COL,
Sat,2023-12-09,TBL,SEA,
Sat,2023-12-09,CAR,VAN,
Sun,2023-12-10,FLA,CBJ,
Sun,2023-12-10,NJD,EDM,
Sun,2023-12-10,WSH,CHI,
Sun,2023-12-10,NSH,MTL,
Sun,2023-12-10,LAK,NYR,
Sun,2023-12-10,WPG,ANA,
Sun,2023-12-10,MIN,SEA,
Sun,2023-12-10,SJS,VGK,
Mon,2023-12-11,ARI,BUF,
Mon,2023-12-11,TOR,NYI,
Mon,2023-12-11,DET,DAL,
Mon,2023-12-11,CGY,COL,
Tue,2023-12-12,TOR,NYR,
Tue,2023-12-12,CAR,OTT,
Tue,2023-12-12,ARI,PIT,
Tue,2023-12-12,PHI,NSH,
Tue,2023-12-12,DET,STL,
Tue,2023-12-12,CHI,EDM,
Tue,2023-12-12,FLA,SEA,
Tue,2023-12-12,TBL,VAN,
Tue,2023-12-12,CGY,VGK,
Tue,2023-12-12,WPG,SJS,
Wed,2023-12-13,PIT,MTL,
Wed,2023-12-13,BOS,NJD,
Wed,2023-12-13,ANA,NYI,
Wed,2023-12-13,BUF,COL,
Wed,2023-12-13,WPG,LAK,
Thu,2023-12-14,CAR,DET,
Thu,2023-12-14,WSH,PHI,
Thu,2023-12-14,CBJ,TOR,
Thu,2023-12-14,CGY,MIN,
Thu,2023-12-14,OTT,STL,
Thu,2023-12-14,TBL,EDM,
Thu,2023-12-14,CHI,SEA,
Thu,2023-12-14,FLA,VAN,
Fri,2023-12-15,NSH,CAR,
Fri,2023-12-15,ANA,NYR,
Fri,2023-12-15,BOS,NYI,
Fri,2023-12-15,OTT,DAL,
Fri,2023-12-15,SJS,ARI,
Fri,2023-12-15,BUF,VGK,
Sat,2023-12-16,VAN,MIN,
Sat,2023-12-16,NYR,BOS,
Sat,2023-12-16,NJD,CBJ,
Sat,2023-12-16,NYI,MTL,
Sat,2023-12-16,DET,PHI,
Sat,2023-12-16,PIT,TOR,
Sat,2023-12-16,COL,WPG,
Sat,2023-12-16,WSH,NSH,
Sat,2023-12-16,DAL,STL,
Sat,2023-12-16,BUF,ARI,
Sat,2023-12-16,TBL,CGY,
Sat,2023-12-16,FLA,EDM,
Sat,2023-12-16,LAK,SEA,
Sun,2023-12-17,VAN,CHI,
Sun,2023-12-17,WSH,CAR,
Sun,2023-12-17,ANA,NJD,
Sun,2023-12-17,SJS,COL,
Sun,2023-12-17,OTT,VGK,
Mon,2023-12-18,ANA,DET,
Mon,2023-12-18,MIN,PIT,
Mon,2023-12-18,MTL,WPG,
Mon,2023-12-18,SEA,DAL,
Mon,2023-12-18,FLA,CGY,
Tue,2023-12-19,MIN,BOS,
Tue,2023-12-19,CBJ,BUF,
Tue,2023-12-19,VGK,CAR,
Tue,2023-12-19,PHI,NJD,
Tue,2023-12-19,STL,TBL,
Tue,2023-12-19,NYR,TOR,
Tue,2023-12-19,EDM,NYI,
Tue,2023-12-19,VAN,NSH,
Tue,2023-12-19,COL,CHI,
Tue,2023-12-19,OTT,ARI,
Tue,2023-12-19,LAK,SJS,
Wed,2023-12-20,DET,WPG,
Wed,2023-12-20,NYI,WSH,
Wed,2023-12-20,SEA,LAK,
Thu,2023-12-21,TOR,BUF,
Thu,2023-12-21,WSH,CBJ,
Thu,2023-12-21,STL,FLA,
Thu,2023-12-21,EDM,NJD,
Thu,2023-12-21,NSH,PHI,
Thu,2023-12-21,CAR,PIT,
Thu,2023-12-21,VGK,TBL,
Thu,2023-12-21,VAN,DAL,
Thu,2023-12-21,MTL,MIN,
Thu,2023-12-21,OTT,COL,
Thu,2023-12-21,CGY,ANA,
Thu,2023-12-21,ARI,SJS,
Fri,2023-12-22,PHI,DET,
Fri,2023-12-22,EDM,NYR,
Fri,2023-12-22,BOS,WPG,
Fri,2023-12-22,MTL,CHI,
Sat,2023-12-23,VGK,FLA,
Sat,2023-12-23,DAL,NSH,
Sat,2023-12-23,NYI,CAR,
Sat,2023-12-23,TOR,CBJ,
Sat,2023-12-23,BOS,MIN,
Sat,2023-12-23,DET,NJD,
Sat,2023-12-23,PIT,OTT,
Sat,2023-12-23,TBL,WSH,
Sat,2023-12-23,BUF,NYR,
Sat,2023-12-23,SEA,ANA,
Sat,2023-12-23,CHI,STL,
Sat,2023-12-23,ARI,COL,
Sat,2023-12-23,CGY,LAK,
Sat,2023-12-23,SJS,VAN,
Wed,2023-12-27,CBJ,NJD,
Wed,2023-12-27,WSH,NYR,
Wed,2023-12-27,FLA,TBL,
Wed,2023-12-27,OTT,TOR,
Wed,2023-12-27,BOS,BUF,
Wed,2023-12-27,PIT,NYI,
Wed,2023-12-27,DET,MIN,
Wed,2023-12-27,CAR,NSH,
Wed,2023-12-27,DAL,STL,
Wed,2023-12-27,COL,ARI,
Wed,2023-12-27,WPG,CHI,
Wed,2023-12-27,SEA,CGY,
Wed,2023-12-27,VGK,ANA,
Wed,2023-12-27,SJS,LAK,
Thu,2023-12-28,MTL,CAR,
Thu,2023-12-28,PHI,VAN,
Thu,2023-12-28,LAK,VGK,
Thu,2023-12-28,EDM,SJS,
Fri,2023-12-29,TOR,CBJ,
Fri,2023-12-29,NSH,DET,
Fri,2023-12-29,NYR,FLA,
Fri,2023-12-29,NJD,OTT,
Fri,2023-12-29,WSH,NYI,
Fri,2023-12-29,CHI,DAL,
Fri,2023-12-29,COL,STL,
Fri,2023-12-29,ARI,ANA,
Fri,2023-12-29,PHI,SEA,
Sat,2023-12-30,MIN,WPG,
Sat,2023-12-30,CBJ,BUF,
Sat,2023-12-30,NJD,BOS,
Sat,2023-12-30,MTL,FLA,
Sat,2023-12-30,STL,PIT,
Sat,2023-12-30,NYR,TBL,
Sat,2023-12-30,CAR,TOR,
Sat,2023-12-30,NSH,WSH,
Sat,2023-12-30,EDM,LAK,
Sun,2023-12-31,WPG,MIN,
Sun,2023-12-31,BOS,DET,
Sun,2023-12-31,BUF,OTT,
Sun,2023-12-31,NYI,PIT,
Sun,2023-12-31,MTL,TBL,
Sun,2023-12-31,EDM,ANA,
Sun,2023-12-31,PHI,CGY,
Sun,2023-12-31,SJS,COL,
Sun,2023-12-31,CHI,DAL,
Mon,2024-01-01,VGK,SEA,
Tue,2024-01-02,BOS,CBJ,
Tue,2024-01-02,CAR,NYR,
Tue,2024-01-02,WSH,PIT,
Tue,2024-01-02,MTL,DAL,
Tue,2024-01-02,CGY,MIN,
Tue,2024-01-02,CHI,NSH,
Tue,2024-01-02,TBL,WPG,
Tue,2024-01-02,FLA,ARI,
Tue,2024-01-02,NYI,COL,
Tue,2024-01-02,PHI,EDM,
Tue,2024-01-02,OTT,VAN,
Tue,2024-01-02,TOR,LAK,
Tue,2024-01-02,DET,SJS,
Wed,2024-01-03,NJD,WSH,
Wed,2024-01-03,TOR,ANA,
Thu,2024-01-04,PIT,BOS,
Thu,2024-01-04,BUF,MTL,
Thu,2024-01-04,CHI,NYR,
Thu,2024-01-04,CBJ,PHI,
Thu,2024-01-04,COL,DAL,
Thu,2024-01-04,TBL,MIN,
Thu,2024-01-04,CGY,NSH,
Thu,2024-01-04,VAN,STL,
Thu,2024-01-04,NYI,ARI,
Thu,2024-01-04,OTT,SEA,
Thu,2024-01-04,FLA,VGK,
Thu,2024-01-04,DET,LAK,
Thu,2024-01-04,WPG,SJS,
Fri,2024-01-05,CHI,NJD,
Fri,2024-01-05,CAR,WSH,
Fri,2024-01-05,WPG,ANA,
Sat,2024-01-06,CGY,PHI,
Sat,2024-01-06,FLA,COL,
Sat,2024-01-06,TBL,BOS,
Sat,2024-01-06,STL,CAR,
Sat,2024-01-06,MIN,CBJ,
Sat,2024-01-06,NYR,MTL,
Sat,2024-01-06,VAN,NJD,
Sat,2024-01-06,BUF,PIT,
Sat,2024-01-06,TOR,SJS,
Sat,2024-01-06,NSH,DAL,
Sat,2024-01-06,OTT,EDM,
Sat,2024-01-06,NYI,VGK,
Sun,2024-01-07,CGY,CHI,
Sun,2024-01-07,LAK,WSH,
Sun,2024-01-07,WPG,ARI,
Sun,2024-01-07,DET,ANA,
Mon,2024-01-08,VAN,NYR,
Mon,2024-01-08,PIT,PHI,
Mon,2024-01-08,DAL,MIN,
Mon,2024-01-08,BOS,COL,
Tue,2024-01-09,SEA,BUF,
Tue,2024-01-09,LAK,TBL,
Tue,2024-01-09,SJS,TOR,
Tue,2024-01-09,VAN,NYI,
Tue,2024-01-09,ANA,NSH,
Tue,2024-01-09,FLA,STL,
Tue,2024-01-09,CBJ,WPG,
Tue,2024-01-09,EDM,CHI,
Tue,2024-01-09,BOS,ARI,
Tue,2024-01-09,OTT,CGY,
Wed,2024-01-10,MTL,PHI,
Wed,2024-01-10,MIN,DAL,
Wed,2024-01-10,VGK,COL,
Thu,2024-01-11,OTT,BUF,
Thu,2024-01-11,ANA,CAR,
Thu,2024-01-11,EDM,DET,
Thu,2024-01-11,LAK,FLA,
Thu,2024-01-11,SJS,MTL,
Thu,2024-01-11,VAN,PIT,
Thu,2024-01-11,NJD,TBL,
Thu,2024-01-11,SEA,WSH,
Thu,2024-01-11,TOR,NYI,
Thu,2024-01-11,NYR,STL,
Thu,2024-01-11,CHI,WPG,
Thu,2024-01-11,CGY,ARI,
Thu,2024-01-11,BOS,VGK,
Fri,2024-01-12,NSH,DAL,
Fri,2024-01-12,PHI,MIN,
Sat,2024-01-13,NYR,WSH,
Sat,2024-01-13,VAN,BUF,
Sat,2024-01-13,SJS,OTT,
Sat,2024-01-13,NJD,FLA,
Sat,2024-01-13,PIT,CAR,
Sat,2024-01-13,SEA,CBJ,
Sat,2024-01-13,LAK,DET,
Sat,2024-01-13,EDM,MTL,
Sat,2024-01-13,ANA,TBL,
Sat,2024-01-13,COL,TOR,
Sat,2024-01-13,PHI,WPG,
Sat,2024-01-13,DAL,CHI,
Sat,2024-01-13,ARI,MIN,
Sat,2024-01-13,NYI,NSH,
Sat,2024-01-13,BOS,STL,
Sat,2024-01-13,CGY,VGK,
Sun,2024-01-14,WSH,NYR,
Sun,2024-01-14,DET,TOR,
Mon,2024-01-15,NJD,BOS,
Mon,2024-01-15,SJS,BUF,
Mon,2024-01-15,VAN,CBJ,
Mon,2024-01-15,ANA,FLA,
Mon,2024-01-15,LAK,CAR,
Mon,2024-01-15,NYI,MIN,
Mon,2024-01-15,SEA,PIT,
Mon,2024-01-15,COL,MTL,
Mon,2024-01-15,PHI,STL,
Mon,2024-01-15,NSH,VGK,
Tue,2024-01-16,SEA,NYR,
Tue,2024-01-16,COL,OTT,
Tue,2024-01-16,ANA,WSH,
Tue,2024-01-16,LAK,DAL,
Tue,2024-01-16,NYI,WPG,
Tue,2024-01-16,SJS,CHI,
Tue,2024-01-16,ARI,CGY,
Tue,2024-01-16,TOR,EDM,
Wed,2024-01-17,DET,FLA,
Wed,2024-01-17,MTL,NJD,
Wed,2024-01-17,CHI,BUF,
Thu,2024-01-18,COL,BOS,
Thu,2024-01-18,MTL,OTT,
Thu,2024-01-18,DAL,PHI,
Thu,2024-01-18,MIN,TBL,
Thu,2024-01-18,STL,WSH,
Thu,2024-01-18,TOR,CGY,
Thu,2024-01-18,SEA,EDM,
Thu,2024-01-18,NSH,LAK,
Thu,2024-01-18,ARI,VAN,
Thu,2024-01-18,NYR,VGK,
Fri,2024-01-19,DET,CAR,
Fri,2024-01-19,NJD,CBJ,
Fri,2024-01-19,MIN,FLA,
Fri,2024-01-19,NYI,CHI,
Sat,2024-01-20,TBL,BUF,
Sat,2024-01-20,COL,PHI,
Sat,2024-01-20,NSH,ARI,
Sat,2024-01-20,WPG,OTT,
Sat,2024-01-20,MTL,BOS,
Sat,2024-01-20,DAL,NJD,
Sat,2024-01-20,TOR,VAN,
Sat,2024-01-20,WSH,STL,
Sat,2024-01-20,EDM,CGY,
Sat,2024-01-20,ANA,SJS,
Sat,2024-01-20,PIT,VGK,
Sat,2024-01-20,NYR,LAK,
Sun,2024-01-21,OTT,PHI,
Sun,2024-01-21,MIN,CAR,
Sun,2024-01-21,TBL,DET,
Sun,2024-01-21,DAL,NYI,
Sun,2024-01-21,NYR,ANA,
Sun,2024-01-21,TOR,SEA,
Mon,2024-01-22,WPG,BOS,
Mon,2024-01-22,VGK,NJD,
Mon,2024-01-22,FLA,NSH,
Mon,2024-01-22,PIT,ARI,
Mon,2024-01-22,CHI,VAN,
Mon,2024-01-22,SJS,LAK,
Tue,2024-01-23,DAL,DET,
Tue,2024-01-23,OTT,MTL,
Tue,2024-01-23,TBL,PHI,
Tue,2024-01-23,VGK,NYI,
Tue,2024-01-23,WSH,MIN,
Tue,2024-01-23,STL,CGY,
Tue,2024-01-23,CBJ,EDM,
Tue,2024-01-23,BUF,ANA,
Tue,2024-01-23,NYR,SJS,
Wed,2024-01-24,ARI,FLA,
Wed,2024-01-24,WPG,TOR,
Wed,2024-01-24,CAR,BOS,
Wed,2024-01-24,WSH,COL,
Wed,2024-01-24,CHI,SEA,
Wed,2024-01-24,STL,VAN,
Wed,2024-01-24,BUF,LAK,
Thu,2024-01-25,NJD,CAR,
Thu,2024-01-25,PHI,DET,
Thu,2024-01-25,NYI,MTL,
Thu,2024-01-25,BOS,OTT,
Thu,2024-01-25,ARI,TBL,
Thu,2024-01-25,ANA,DAL,
Thu,2024-01-25,NSH,MIN,
Thu,2024-01-25,CBJ,CGY,
Thu,2024-01-25,CHI,EDM,
Fri,2024-01-26,VGK,NYR,
Fri,2024-01-26,FLA,PIT,
Fri,2024-01-26,LAK,COL,
Fri,2024-01-26,STL,SEA,
Sat,2024-01-27,BOS,PHI,
Sat,2024-01-27,WSH,DAL,
Sat,2024-01-27,NSH,EDM,
Sat,2024-01-27,BUF,SJS,
Sat,2024-01-27,ARI,CAR,
Sat,2024-01-27,VGK,DET,
Sat,2024-01-27,NYR,OTT,
Sat,2024-01-27,MTL,PIT,
Sat,2024-01-27,NJD,TBL,
Sat,2024-01-27,TOR,WPG,
Sat,2024-01-27,FLA,NYI,
Sat,2024-01-27,ANA,MIN,
Sat,2024-01-27,CHI,CGY,
Sat,2024-01-27,CBJ,VAN,
Sun,2024-01-28,LAK,STL,
Sun,2024-01-28,CBJ,SEA,
Mon,2024-01-29,NSH,OTT,
Tue,2024-01-30,CBJ,STL,
Tue,2024-01-30,SEA,SJS,
Wed,2024-01-31,OTT,DET,
Wed,2024-01-31,LAK,NSH,
Wed,2024-01-31,SJS,ANA,
Mon,2024-02-05,COL,NYR,
Mon,2024-02-05,NYI,TOR,
Tue,2024-02-06,CGY,BOS,
Tue,2024-02-06,DAL,BUF,
Tue,2024-02-06,VAN,CAR,
Tue,2024-02-06,PHI,FLA,
Tue,2024-02-06,COL,NJD,
Tue,2024-02-06,WPG,PIT,
Tue,2024-02-06,MTL,WSH,
Tue,2024-02-06,EDM,VGK,
Wed,2024-02-07,TBL,NYR,
Wed,2024-02-07,DAL,TOR,
Wed,2024-02-07,MIN,CHI,
Thu,2024-02-08,VAN,BOS,
Thu,2024-02-08,WSH,FLA,
Thu,2024-02-08,CGY,NJD,
Thu,2024-02-08,WPG,PHI,
Thu,2024-02-08,TBL,NYI,
Thu,2024-02-08,COL,CAR,
Thu,2024-02-08,VGK,ARI,
Fri,2024-02-09,PIT,MIN,
Fri,2024-02-09,NYR,CHI,
Fri,2024-02-09,EDM,ANA,
Sat,2024-02-10,STL,BUF,
Sat,2024-02-10,VAN,DET,
Sat,2024-02-10,DAL,MTL,
Sat,2024-02-10,CGY,NYI,
Sat,2024-02-10,WSH,BOS,
Sat,2024-02-10,COL,FLA,
Sat,2024-02-10,NJD,CAR,
Sat,2024-02-10,TBL,CBJ,
Sat,2024-02-10,TOR,OTT,
Sat,2024-02-10,SEA,PHI,
Sat,2024-02-10,PIT,WPG,
Sat,2024-02-10,ARI,NSH,
Sat,2024-02-10,EDM,LAK,
Sun,2024-02-11,STL,MTL,
Sun,2024-02-11,VAN,WSH,
Mon,2024-02-12,SEA,NJD,
Mon,2024-02-12,CGY,NYR,
Mon,2024-02-12,ARI,PHI,
Mon,2024-02-12,MIN,VGK,
Tue,2024-02-13,TBL,BOS,
Tue,2024-02-13,LAK,BUF,
Tue,2024-02-13,ANA,MTL,
Tue,2024-02-13,CBJ,OTT,
Tue,2024-02-13,STL,TOR,
Tue,2024-02-13,COL,WSH,
Tue,2024-02-13,SEA,NYI,
Tue,2024-02-13,CAR,DAL,
Tue,2024-02-13,NJD,NSH,
Tue,2024-02-13,VAN,CHI,
Tue,2024-02-13,DET,EDM,
Wed,2024-02-14,FLA,PIT,
Wed,2024-02-14,SJS,WPG,
Wed,2024-02-14,MIN,ARI,
Thu,2024-02-15,SEA,BOS,
Thu,2024-02-15,FLA,BUF,
Thu,2024-02-15,LAK,NJD,
Thu,2024-02-15,MTL,NYR,
Thu,2024-02-15,ANA,OTT,
Thu,2024-02-15,COL,TBL,
Thu,2024-02-15,PHI,TOR,
Thu,2024-02-15,EDM,STL,
Thu,2024-02-15,PIT,CHI,
Thu,2024-02-15,SJS,CGY,
Thu,2024-02-15,DAL,NSH,
Thu,2024-02-15,DET,VAN,
Fri,2024-02-16,CAR,ARI,
Sat,2024-02-17,EDM,DAL,
Sat,2024-02-17,OTT,CHI,
Sat,2024-02-17,DET,CGY,
Sat,2024-02-17,LAK,BOS,
Sat,2024-02-17,BUF,MIN,
Sat,2024-02-17,NSH,STL,
Sat,2024-02-17,FLA,TBL,
Sat,2024-02-17,WSH,MTL,
Sat,2024-02-17,ANA,TOR,
Sat,2024-02-17,PHI,NJD,
Sat,2024-02-17,WPG,VAN,
Sat,2024-02-17,CBJ,SJS,
Sat,2024-02-17,CAR,VGK,
Sun,2024-02-18,NYR,NYI,
Sun,2024-02-18,ARI,COL,
Sun,2024-02-18,LAK,PIT,
Mon,2024-02-19,ANA,BUF,
Mon,2024-02-19,DAL,BOS,
Mon,2024-02-19,TOR,STL,
Mon,2024-02-19,VAN,MIN,
Mon,2024-02-19,DET,SEA,
Mon,2024-02-19,EDM,ARI,
Mon,2024-02-19,WPG,CGY,
Mon,2024-02-19,VGK,SJS,
Mon,2024-02-19,CHI,CAR,
Mon,2024-02-19,OTT,TBL,
Tue,2024-02-20,OTT,FLA,
Tue,2024-02-20,DAL,NYR,
Tue,2024-02-20,NYI,PIT,
Tue,2024-02-20,NJD,WSH,
Tue,2024-02-20,MIN,WPG,
Tue,2024-02-20,VAN,COL,
Tue,2024-02-20,NSH,VGK,
Tue,2024-02-20,CBJ,LAK,
Wed,2024-02-21,BUF,MTL,
Wed,2024-02-21,PHI,CHI,
Wed,2024-02-21,CBJ,ANA,
Wed,2024-02-21,TOR,ARI,
Wed,2024-02-21,BOS,EDM,
Thu,2024-02-22,FLA,CAR,
Thu,2024-02-22,COL,DET,
Thu,2024-02-22,NYR,NJD,
Thu,2024-02-22,DAL,OTT,
Thu,2024-02-22,MTL,PIT,
Thu,2024-02-22,WSH,TBL,
Thu,2024-02-22,NYI,STL,
Thu,2024-02-22,BOS,CGY,
Thu,2024-02-22,VAN,SEA,
Thu,2024-02-22,TOR,VGK,
Thu,2024-02-22,NSH,LAK,
Fri,2024-02-23,BUF,CBJ,
Fri,2024-02-23,WPG,CHI,
Fri,2024-02-23,MIN,EDM,
Sat,2024-02-24,MTL,NJD,
Sat,2024-02-24,TBL,NYI,
Sat,2024-02-24,NYR,PHI,
Sat,2024-02-24,WSH,FLA,
Sat,2024-02-24,DAL,CAR,
Sat,2024-02-24,TOR,COL,
Sat,2024-02-24,STL,DET,
Sat,2024-02-24,VGK,OTT,
Sat,2024-02-24,BOS,VAN,
Sat,2024-02-24,CGY,EDM,
Sat,2024-02-24,MIN,SEA,
Sat,2024-02-24,NSH,SJS,
Sat,2024-02-24,ANA,LAK,
Sun,2024-02-25,TBL,NJD,
Sun,2024-02-25,PHI,PIT,
Sun,2024-02-25,CAR,BUF,
Sun,2024-02-25,NYR,CBJ,
Sun,2024-02-25,DET,CHI,
Sun,2024-02-25,ARI,WPG,
Sun,2024-02-25,NSH,ANA,
Mon,2024-02-26,OTT,WSH,
Mon,2024-02-26,NYI,DAL,
Mon,2024-02-26,LAK,EDM,
Mon,2024-02-26,BOS,SEA,
Tue,2024-02-27,WSH,DET,
Tue,2024-02-27,BUF,FLA,
Tue,2024-02-27,ARI,MTL,
Tue,2024-02-27,TBL,PHI,
Tue,2024-02-27,VGK,TOR,
Tue,2024-02-27,CAR,MIN,
Tue,2024-02-27,OTT,NSH,
Tue,2024-02-27,STL,WPG,
Tue,2024-02-27,LAK,CGY,
Tue,2024-02-27,DAL,COL,
Tue,2024-02-27,PIT,VAN,
Tue,2024-02-27,NJD,SJS,
Wed,2024-02-28,CBJ,NYR,
Wed,2024-02-28,STL,EDM,
Thu,2024-02-29,VGK,BOS,
Thu,2024-02-29,CAR,CBJ,
Thu,2024-02-29,NYI,DET,
Thu,2024-02-29,MTL,FLA,
Thu,2024-02-29,BUF,TBL,
Thu,2024-02-29,ARI,TOR,
Thu,2024-02-29,WPG,DAL,
Thu,2024-02-29,MIN,NSH,
Thu,2024-02-29,COL,CHI,
Thu,2024-02-29,PIT,SEA,
Thu,2024-02-29,LAK,VAN,
Thu,2024-02-29,ANA,SJS,
Fri,2024-03-01,ARI,OTT,
Fri,2024-03-01,PHI,WSH,
Fri,2024-03-01,NJD,ANA,
Sat,2024-03-02,WPG,CAR,
Sat,2024-03-02,BOS,NYI,
Sat,2024-03-02,EDM,SEA,
Sat,2024-03-02,COL,NSH,
Sat,2024-03-02,VGK,BUF,
Sat,2024-03-02,FLA,DET,
Sat,2024-03-02,OTT,PHI,
Sat,2024-03-02,MTL,TBL,
Sat,2024-03-02,NYR,TOR,
Sat,2024-03-02,CBJ,CHI,
Sat,2024-03-02,SJS,DAL,
Sat,2024-03-02,MIN,STL,
Sat,2024-03-02,PIT,CGY,
Sun,2024-03-03,ARI,WSH,
Sun,2024-03-03,NJD,LAK,
Sun,2024-03-03,WPG,BUF,
Sun,2024-03-03,SJS,MIN,
Sun,2024-03-03,VAN,ANA,
Sun,2024-03-03,PIT,EDM,
Mon,2024-03-04,VGK,CBJ,
Mon,2024-03-04,FLA,NYR,
Mon,2024-03-04,STL,PHI,
Mon,2024-03-04,BOS,TOR,
Mon,2024-03-04,CHI,COL,
Mon,2024-03-04,SEA,CGY,
Tue,2024-03-05,EDM,BOS,
Tue,2024-03-05,FLA,NJD,
Tue,2024-03-05,CBJ,PIT,
Tue,2024-03-05,STL,NYI,
Tue,2024-03-05,MTL,NSH,
Tue,2024-03-05,SEA,WPG,
Tue,2024-03-05,CHI,ARI,
Tue,2024-03-05,VAN,LAK,
Tue,2024-03-05,DAL,SJS,
Wed,2024-03-06,BUF,TOR,
Wed,2024-03-06,DET,COL,
Wed,2024-03-06,OTT,ANA,
Thu,2024-03-07,TOR,BOS,
Thu,2024-03-07,MTL,CAR,
Thu,2024-03-07,EDM,CBJ,
Thu,2024-03-07,PHI,FLA,
Thu,2024-03-07,STL,NJD,
Thu,2024-03-07,WSH,PIT,
Thu,2024-03-07,CGY,TBL,
Thu,2024-03-07,BUF,NSH,
Thu,2024-03-07,MIN,ARI,
Thu,2024-03-07,VAN,VGK,
Thu,2024-03-07,OTT,LAK,
Thu,2024-03-07,NYI,SJS,
Fri,2024-03-08,DET,ARI,
Fri,2024-03-08,MIN,COL,
Fri,2024-03-08,DAL,ANA,
Fri,2024-03-08,WPG,SEA,
Sat,2024-03-09,EDM,BUF,
Sat,2024-03-09,NSH,CBJ,
Sat,2024-03-09,CAR,NJD,
Sat,2024-03-09,PIT,BOS,
Sat,2024-03-09,CGY,FLA,
Sat,2024-03-09,TOR,MTL,
Sat,2024-03-09,OTT,SJS,
Sat,2024-03-09,PHI,TBL,
Sat,2024-03-09,CHI,WSH,
Sat,2024-03-09,STL,NYR,
Sat,2024-03-09,WPG,VAN,
Sat,2024-03-09,DET,VGK,
Sat,2024-03-09,DAL,LAK,
Sun,2024-03-10,EDM,PIT,
Sun,2024-03-10,NSH,MIN,
Sun,2024-03-10,CGY,CAR,
Sun,2024-03-10,ARI,CHI,
Sun,2024-03-10,NYI,ANA,
Mon,2024-03-11,STL,BOS,
Mon,2024-03-11,NJD,NYR,
Mon,2024-03-11,WSH,WPG,
Mon,2024-03-11,NYI,LAK,
Tue,2024-03-12,DET,BUF,
Tue,2024-03-12,NYR,CAR,
Tue,2024-03-12,CBJ,MTL,
Tue,2024-03-12,PIT,OTT,
Tue,2024-03-12,SJS,PHI,
Tue,2024-03-12,FLA,DAL,
Tue,2024-03-12,ARI,MIN,
Tue,2024-03-12,ANA,CHI,
Tue,2024-03-12,COL,CGY,
Tue,2024-03-12,VGK,SEA,
Wed,2024-03-13,LAK,STL,
Wed,2024-03-13,NSH,WPG,
Wed,2024-03-13,WSH,EDM,
Wed,2024-03-13,COL,VAN,
Thu,2024-03-14,NYI,BUF,
Thu,2024-03-14,FLA,CAR,
Thu,2024-03-14,OTT,CBJ,
Thu,2024-03-14,ARI,DET,
Thu,2024-03-14,BOS,MTL,
Thu,2024-03-14,TOR,PHI,
Thu,2024-03-14,SJS,PIT,
Thu,2024-03-14,NYR,TBL,
Thu,2024-03-14,NJD,DAL,
Thu,2024-03-14,ANA,MIN,
Thu,2024-03-14,VGK,CGY,
Thu,2024-03-14,WSH,SEA,
Fri,2024-03-15,ANA,WPG,
Fri,2024-03-15,LAK,CHI,
Sat,2024-03-16,BUF,DET,
Sat,2024-03-16,OTT,NYI,
Sat,2024-03-16,NYR,PIT,
Sat,2024-03-16,NJD,ARI,
Sat,2024-03-16,TBL,FLA,
Sat,2024-03-16,PHI,BOS,
Sat,2024-03-16,SJS,CBJ,
Sat,2024-03-16,MTL,CGY,
Sat,2024-03-16,CAR,TOR,
Sat,2024-03-16,LAK,DAL,
Sat,2024-03-16,MIN,STL,
Sat,2024-03-16,COL,EDM,
Sat,2024-03-16,NSH,SEA,
Sat,2024-03-16,WSH,VAN,
Sun,2024-03-17,NYI,NYR,
Sun,2024-03-17,NJD,VGK,
Sun,2024-03-17,WPG,CBJ,
Sun,2024-03-17,SJS,CHI,
Sun,2024-03-17,CAR,OTT,
Sun,2024-03-17,DET,PIT,
Sun,2024-03-17,ANA,STL,
Mon,2024-03-18,WSH,CGY,
Mon,2024-03-18,BUF,SEA,
Tue,2024-03-19,OTT,BOS,
Tue,2024-03-19,CBJ,DET,
Tue,2024-03-19,PIT,NJD,
Tue,2024-03-19,WPG,NYR,
Tue,2024-03-19,TOR,PHI,
Tue,2024-03-19,CAR,NYI,
Tue,2024-03-19,SJS,NSH,
Tue,2024-03-19,COL,STL,
Tue,2024-03-19,MTL,EDM,
Tue,2024-03-19,MIN,ANA,
Tue,2024-03-19,CHI,LAK,
Tue,2024-03-19,BUF,VAN,
Tue,2024-03-19,TBL,VGK,
Wed,2024-03-20,TOR,WSH,
Wed,2024-03-20,ARI,DAL,
Wed,2024-03-20,MIN,LAK,
Thu,2024-03-21,NYR,BOS,
Thu,2024-03-21,PHI,CAR,
Thu,2024-03-21,NYI,DET,
Thu,2024-03-21,NSH,FLA,
Thu,2024-03-21,WPG,NJD,
Thu,2024-03-21,STL,OTT,
Thu,2024-03-21,BUF,EDM,
Thu,2024-03-21,CHI,ANA,
Thu,2024-03-21,MTL,VAN,
Thu,2024-03-21,SEA,VGK,
Thu,2024-03-21,TBL,SJS,
Fri,2024-03-22,CAR,WSH,
Fri,2024-03-22,PIT,DAL,
Fri,2024-03-22,CBJ,COL,
Fri,2024-03-22,SEA,ARI,
Sat,2024-03-23,WPG,NYI,
Sat,2024-03-23,BOS,PHI,
Sat,2024-03-23,STL,MIN,
Sat,2024-03-23,DET,NSH,
Sat,2024-03-23,OTT,NJD,
Sat,2024-03-23,EDM,TOR,
Sat,2024-03-23,FLA,NYR,
Sat,2024-03-23,CGY,VAN,
Sat,2024-03-23,TBL,LAK,
Sat,2024-03-23,CHI,SJS,
Sat,2024-03-23,CBJ,VGK,
Sun,2024-03-24,WPG,WSH,
Sun,2024-03-24,PIT,COL,
Sun,2024-03-24,NJD,NYI,
Sun,2024-03-24,TOR,CAR,
Sun,2024-03-24,EDM,OTT,
Sun,2024-03-24,FLA,PHI,
Sun,2024-03-24,DAL,ARI,
Sun,2024-03-24,TBL,ANA,
Sun,2024-03-24,BUF,CGY,
Sun,2024-03-24,MTL,SEA,
Mon,2024-03-25,VGK,STL,
Mon,2024-03-25,LAK,VAN,
Tue,2024-03-26,BOS,FLA,
Tue,2024-03-26,PHI,NYR,
Tue,2024-03-26,CAR,PIT,
Tue,2024-03-26,NJD,TOR,
Tue,2024-03-26,DET,WSH,
Tue,2024-03-26,VGK,NSH,
Tue,2024-03-26,EDM,WPG,
Tue,2024-03-26,CGY,CHI,
Tue,2024-03-26,MTL,COL,
Tue,2024-03-26,CBJ,ARI,
Tue,2024-03-26,ANA,SEA,
Tue,2024-03-26,DAL,SJS,
Wed,2024-03-27,OTT,BUF,
Wed,2024-03-27,BOS,TBL,
Thu,2024-03-28,DET,CAR,
Thu,2024-03-28,NYI,FLA,
Thu,2024-03-28,PHI,MTL,
Thu,2024-03-28,CHI,OTT,
Thu,2024-03-28,CBJ,PIT,
Thu,2024-03-28,WSH,TOR,
Thu,2024-03-28,SJS,MIN,
Thu,2024-03-28,CGY,STL,
Thu,2024-03-28,VGK,WPG,
Thu,2024-03-28,NYR,COL,
Thu,2024-03-28,LAK,EDM,
Thu,2024-03-28,NSH,ARI,
Thu,2024-03-28,ANA,SEA,
Thu,2024-03-28,DAL,VAN,
Fri,2024-03-29,NJD,BUF,
Sat,2024-03-30,DET,FLA,
Sat,2024-03-30,VGK,MIN,
Sat,2024-03-30,ANA,EDM,
Sat,2024-03-30,NYR,ARI,
Sat,2024-03-30,NSH,COL,
Sat,2024-03-30,TOR,BUF,
Sat,2024-03-30,PIT,CBJ,
Sat,2024-03-30,CAR,MTL,
Sat,2024-03-30,CHI,PHI,
Sat,2024-03-30,NYI,TBL,
Sat,2024-03-30,OTT,WPG,
Sat,2024-03-30,BOS,WSH,
Sat,2024-03-30,SJS,STL,
Sat,2024-03-30,LAK,CGY,
Sat,2024-03-30,DAL,SEA,
Sun,2024-03-31,ANA,VAN,
Mon,2024-04-01,COL,CBJ,
Mon,2024-04-01,PIT,NYR,
Mon,2024-04-01,NYI,PHI,
Mon,2024-04-01,DET,TBL,
Mon,2024-04-01,FLA,TOR,
Mon,2024-04-01,EDM,STL,
Mon,2024-04-01,LAK,WPG,
Mon,2024-04-01,SEA,SJS,
Tue,2024-04-02,WSH,BUF,
Tue,2024-04-02,FLA,MTL,
Tue,2024-04-02,PIT,NJD,
Tue,2024-04-02,CHI,NYI,
Tue,2024-04-02,OTT,MIN,
Tue,2024-04-02,BOS,NSH,
Tue,2024-04-02,ANA,CGY,
Tue,2024-04-02,VAN,VGK,
Wed,2024-04-03,TBL,TOR,
Wed,2024-04-03,NJD,NYR,
Wed,2024-04-03,EDM,DAL,
Wed,2024-04-03,VAN,ARI,
Wed,2024-04-03,SEA,LAK,
Thu,2024-04-04,BOS,CAR,
Thu,2024-04-04,NYI,CBJ,
Thu,2024-04-04,TBL,MTL,
Thu,2024-04-04,FLA,OTT,
Thu,2024-04-04,PIT,WSH,
Thu,2024-04-04,COL,MIN,
Thu,2024-04-04,STL,NSH,
Thu,2024-04-04,CGY,WPG,
Thu,2024-04-04,LAK,SJS,
Fri,2024-04-05,PHI,BUF,
Fri,2024-04-05,WSH,CAR,
Fri,2024-04-05,NYR,DET,
Fri,2024-04-05,COL,EDM,
Fri,2024-04-05,SEA,ANA,
Fri,2024-04-05,VGK,ARI,
Sat,2024-04-06,TBL,PIT,
Sat,2024-04-06,FLA,BOS,
Sat,2024-04-06,WPG,MIN,
Sat,2024-04-06,DAL,CHI,
Sat,2024-04-06,STL,SJS,
Sat,2024-04-06,PHI,CBJ,
Sat,2024-04-06,TOR,MTL,
Sat,2024-04-06,NJD,OTT,
Sat,2024-04-06,NSH,NYI,
Sat,2024-04-06,EDM,CGY,
Sat,2024-04-06,VAN,LAK,
Sun,2024-04-07,BUF,DET,
Sun,2024-04-07,MIN,CHI,
Sun,2024-04-07,CBJ,CAR,
Sun,2024-04-07,ARI,SJS,
Sun,2024-04-07,OTT,WSH,
Sun,2024-04-07,NSH,NJD,
Sun,2024-04-07,MTL,NYR,
Sun,2024-04-07,STL,ANA,
Sun,2024-04-07,DAL,COL,
Mon,2024-04-08,PIT,TOR,
Mon,2024-04-08,VGK,VAN,
Tue,2024-04-09,CAR,BOS,
Tue,2024-04-09,WSH,DET,
Tue,2024-04-09,OTT,FLA,
Tue,2024-04-09,PHI,MTL,
Tue,2024-04-09,TOR,NJD,
Tue,2024-04-09,NYR,NYI,
Tue,2024-04-09,CBJ,TBL,
Tue,2024-04-09,BUF,DAL,
Tue,2024-04-09,WPG,NSH,
Tue,2024-04-09,MIN,COL,
Tue,2024-04-09,LAK,ANA,
Tue,2024-04-09,ARI,SEA,
Tue,2024-04-09,CGY,SJS,
Wed,2024-04-10,CHI,STL,
Wed,2024-04-10,VGK,EDM,
Wed,2024-04-10,ARI,VAN,
Thu,2024-04-11,WSH,BUF,
Thu,2024-04-11,CBJ,FLA,
Thu,2024-04-11,PHI,NYR,
Thu,2024-04-11,DET,PIT,
Thu,2024-04-11,OTT,TBL,
Thu,2024-04-11,NJD,TOR,
Thu,2024-04-11,MTL,NYI,
Thu,2024-04-11,WPG,DAL,
Thu,2024-04-11,SJS,SEA,
Thu,2024-04-11,CGY,LAK,
Fri,2024-04-12,CAR,STL,
Fri,2024-04-12,NSH,CHI,
Fri,2024-04-12,ARI,EDM,
Fri,2024-04-12,CGY,ANA,
Fri,2024-04-12,MIN,VGK,
Sat,2024-04-13,NYI,NYR,
Sat,2024-04-13,SEA,DAL,
Sat,2024-04-13,WPG,COL,
Sat,2024-04-13,BUF,FLA,
Sat,2024-04-13,NJD,PHI,
Sat,2024-04-13,TBL,WSH,
Sat,2024-04-13,MTL,OTT,
Sat,2024-04-13,DET,TOR,
Sat,2024-04-13,CBJ,NSH,
Sat,2024-04-13,BOS,PIT,
Sat,2024-04-13,VAN,EDM,
Sat,2024-04-13,ANA,LAK,
Sat,2024-04-13,MIN,SJS,
Sun,2024-04-14,SEA,STL,
Sun,2024-04-14,COL,VGK,
Sun,2024-04-14,CAR,CHI,
Sun,2024-04-14,ARI,CGY,
Mon,2024-04-15,MTL,DET,
Mon,2024-04-15,NYI,NJD,
Mon,2024-04-15,NSH,PIT,
Mon,2024-04-15,BUF,TBL,
Mon,2024-04-15,BOS,WSH,
Mon,2024-04-15,OTT,NYR,
Mon,2024-04-15,SJS,EDM,
Mon,2024-04-15,MIN,LAK,
Tue,2024-04-16,OTT,BOS,
Tue,2024-04-16,CAR,CBJ,
Tue,2024-04-16,TOR,FLA,
Tue,2024-04-16,DET,MTL,
Tue,2024-04-16,WSH,PHI,
Tue,2024-04-16,SEA,WPG,
Tue,2024-04-16,CHI,VGK,
Tue,2024-04-16,CGY,VAN,
Wed,2024-04-17,PIT,NYI,
Wed,2024-04-17,TOR,TBL,
Wed,2024-04-17,STL,DAL,
Wed,2024-04-17,EDM,ARI,
Thu,2024-04-18,SEA,MIN,
Thu,2024-04-18,VAN,WPG,
Thu,2024-04-18,SJS,CGY,
Thu,2024-04-18,EDM,COL,
Thu,2024-04-18,ANA,VGK,
Thu,2024-04-18,CHI,LAK,